"Tokyo, Japan"
"Delhi, India"
"Shanghai, China"
"Sao Paulo, Brazil"
"Mumbai, India"
"Mexico City , Mexico"
"Beijing, China"
"Osaka , Japan"
"Cairo , Egypt"
"New York, United States"
"Dhaka, Bangladesh"
"Karachi, Pakistan"
"Buenos Aires, Argentina"
"Kolkata, India"
"Istanbul, Turkey"
"Chongqing, China"
"Lagos, Nigeria"
"Manila, Philippines"
"Rio de Janeiro, Brazil"
"Guangzhou, China"
"Los Angeles, United States"
"Moscow , Russia"
"Kinshasa, Democratic Republic of the Congo"
"Tianjin, China"
"Paris, France"
"Shenzhen, China"
"Jakarta, Indonesia"
"London, United Kingdom"
"Bangalore, India"
"Lima, Peru"
"Chennai , India"
"Seoul, South Korea"
"Bogotá, Colombia"
"Nagoya , Japan"
"Johannesburg, South Africa"
"Bangkok, Thailand"
"Hyderabad, India"
"Chicago, United States"
"Lahore, Pakistan"
"Tehran, Iran"
"Wuhan, China"
"Chengdu, China"
"Dongguan, China"
"Nanjing, China"
"Ahmadabad, India"
"Hong Kong, Hong Kong"
"Ho Chi Minh City , Vietnam"
"Foshan, Foshan"
"Kuala Lumpur, Malaysia"
"Baghdad, Iraq"
"Santiago, Chile"
"Hangzhou, China"
"Riyadh , Saudi Arabia"
"Shenyang, China"
"Madrid, Spain"
"Xi'an, China"
"Toronto, Canada"
"Miami, United States"
"Pune  , India"
"Belo Horizonte, Brazil"
"Dallas, United States"
"Surat, India"
"Houston, United States"
"Singapore, Singapore"
"Philadelphia, United States"
"Kitakyushu, Japan"
"Luanda, Angola"
"Suzhou, China"
"Haerbin, China"
"Barcelona, Spain"
"Atlanta, United States"
"Khartoum , Sudan"
"Dar es Salaam, Tanzania"
"Saint Petersburg , Russia"
"Washington, D.C., United States"
"Abidjan, Cote d'Ivoire"
"Guadalajara, Mexico"
"Yangon, Myanmar"
"Alexandria , Egypt"
"Ankara, Turkey"
"Kabul, Afghanistan"
"Qingdao, China"
"Chittagong, Bangladesh"
"Monterrey, Mexico"
"Sydney, Australia"
"Dalian, China"
"Xiamen, China"
"Zhengzhou, China"
"Boston, United States"
"Melbourne, Australia"
"Brasília, Brazil"
"Jiddah, Saudi Arabia"
"Phoenix, United States"
"Ji'nan , China"
"Montréal, Canada"
"Shantou, China"
"Nairobi, Kenya"
"Medellín, Colombia"
"Fortaleza, Brazil"
"Kunming, China"
"Changchun, China"
"Changsha, China"
"Recife, Brazil"
"Rome, Italy"
"Zhongshan, China"
"Cape Town, South Africa"
"Detroit, United States"
"Hanoi , Vietnam"
"Tel Aviv , Israel"
"Porto Alegre, Brazil"
"Kano, Nigeria"
"Salvador, Brazil"
"Faisalabad, Pakistan"
"Berlin, Germany"
"Aleppo , Syria"
"Dakar, Senegal"
"Casablanca , Morroco"
"Urumqi , China"
"Taiyuan , China"
"Curitiba, Brazil"
"Jaipur, India"
"Shizuoka, Japan"
"Hefei, China"
"San Francisco, United States"
"Fuzhou , China"
"Shijiazhuang, China"
"Seattle, United States"
"Addis Ababa, Ethiopia"
"Nanning, China"
"Lucknow, India"
"Busan, South Korea"
"Wenzhou, China"
"Ibadan, Nigeria"
"Ningbo, China"
"San Diego, United States"
"Milan , Italy"
"Yaounde, Cameroon"
"Athens , Greece"
"Wuxi , China"
"Campinas, Brazil"
"Izmir, Turkey"
"Kanpur, India"
"Mashhad, Iran"
"Puebla, Mexico"
"Sana'a , Yemen"
"Santo Domingo, Domican Republic"
"Douala, Cameroon"
"Kiev , Ukraine"
"Guatemala City , Guatemala"
"Caracas, Venezuela"
