'Chongqing, China'
'Shanghai, China'
'Beijing, China'
'Istanbul, Turkey'
'Karachi, Pakistan'
'Dhaka, Bangladesh'
'Moscow, Russia'
'Guangzhou, China'
'Shenzhen, China'
'Mumbai, India'
'São Paulo, Brazil'
'Kinshasa, Democratic Republic of the Congo'
'Tianjin, China'
'Lahore, Pakistan'
'Delhi, India'
'Jakarta, Indonesia'
'Dongguan, China'
'Seoul, South Korea'
'Foshan, China'
'Tokyo, Japan'
'Chengdu, China'
'Lima, Peru'
'Mexico City, Mexico'
'London, United Kingdom'
'Tehran, Iran'
'New York, United States'
'Bangalore, India'
'Shenyang, China'
'Wuhan, China'
'Bogotá, Colombia'
'Ningbo, China'
'Cairo, Egypt'
'Ho Chi Minh City, Vietnam'
'Hong Kong, China'
'Nanjing, China'
'Hanoi, Vietnam'
'Changsha, China'
'Hangzhou, China'
'Hyderabad, India'
'Baghdad, Iraq'
'Chennai, India'
'Riyadh, Saudi Arabia'
'Rio de Janeiro, Brazil'
'Xi'an, China'
'Suzhou, China'
'Bangkok, Thailand'
'Singapore, Singapore'
'Ahmedabad, India'
'Santiago, Chile'
'Shantou, China'
'Saint Petersburg, Russia'
'Harbin, China'
'Dar es Salaam, Tanzania'
'Yangon, Myanmar'
'Johannesburg, South Africa'
'Abidjan, Ivory Coast'
'Alexandria, Egypt'
'Kolkata, India'
'Ankara, Turkey'
'Surat, India'
'Rome Capital, Italy'
'Giza, Egypt'
'Zhengzhou, China'
'Los Angeles, United States'
'New Taipei City, Taiwan'
'Cape Town, South Africa'
'Yokohama, Japan'
'Berlin, Germany'
'Busan, South Korea'
'Xiamen, China'
'Jeddah, Saudi Arabia'
'Durban, South Africa'
'Kabul, Afghanistan'
'Casablanca, Morocco'
'Hefei, China'
'Pyongyang, North Korea'
'Madrid, Spain'
'Faisalabad, Pakistan'
'Ekurhuleni, South Africa'
'Nairobi, Kenya'
'Zhongshan, China'
'Pune, India'
'Addis Ababa, Ethiopia'
'Jaipur, India'
'Buenos Aires, Argentina'
'Wenzhou, China'
'Incheon, South Korea'
